id,protocol,num_bits,bit_error_rate,eve_success_rate_estimate,noise_level,attack_type
1,B92,2048,0.289349,0.48877,0.0283203,PA
2,B92,128,0.315548,0.46875,0.03125,PA
3,B92,1024,0.315639,0.499023,0.0664062,PA
4,B92,1024,0.279796,0.49707,0.0322266,PA
5,B92,128,0.295905,0.46875,0.0546875,PA
6,B92,4096,0.2918,0.499512,0.0454102,PA
7,B92,256,0.300935,0.507812,0.0585938,PA
8,B92,4096,0.322598,0.500488,0.0715332,PA
9,B92,2048,0.295471,0.506836,0.0517578,PA
10,B92,1024,0.268003,0.506836,0.00878906,PA
11,B92,1024,0.321665,0.486328,0.0546875,PA
12,B92,256,0.318665,0.492188,0.109375,PA
13,B92,128,0.330917,0.46875,0.078125,PA
14,B92,128,0.307454,0.46875,0.03125,PA
15,B92,64,0.263932,0.546875,0.03125,PA
16,B92,128,0.324163,0.421875,0.046875,PA
17,B92,1024,0.312351,0.515625,0.0556641,PA
18,B92,256,0.282122,0.515625,0.0429688,PA
19,B92,512,0.261558,0.505859,0.0273438,PA
20,B92,4096,0.29198,0.497559,0.0429688,PA
21,B92,128,0.26646,0.5,0.015625,PA
22,B92,64,0.285517,0.484375,0.0625,PA
23,B92,1024,0.309357,0.512695,0.0673828,PA
24,B92,64,0.255729,0.578125,0.09375,PA
25,B92,128,0.280151,0.484375,0,PA
26,B92,512,0.271954,0.529297,0.0488281,PA
27,B92,128,0.285251,0.5,0.03125,PA
28,B92,4096,0.296177,0.490967,0.0358887,PA
29,B92,2048,0.286916,0.514648,0.0585938,PA
30,B92,2048,0.304667,0.518066,0.0585938,PA
31,B92,512,0.316136,0.509766,0.0839844,PA
32,B92,256,0.312236,0.457031,0.0429688,PA
33,B92,4096,0.316928,0.500977,0.0666504,PA
34,B92,512,0.248894,0.53125,0.0214844,PA
35,B92,1024,0.260006,0.511719,0.0117188,PA
36,B92,64,0.226858,0.5625,0.03125,PA
37,B92,4096,0.312674,0.50415,0.0629883,PA
38,B92,1024,0.31298,0.479492,0.0458984,PA
39,B92,2048,0.28824,0.509766,0.0356445,PA
40,B92,256,0.299367,0.503906,0.0507812,PA
41,B92,4096,0.262989,0.502197,0.0144043,PA
42,B92,128,0.313019,0.453125,0.015625,PA
43,B92,256,0.284209,0.488281,0.015625,PA
44,B92,1024,0.313983,0.485352,0.0654297,PA
45,B92,64,0.325681,0.46875,0.078125,PA
46,B92,512,0.301032,0.484375,0.0449219,PA
47,B92,2048,0.301025,0.499023,0.0512695,PA
48,B92,2048,0.311683,0.508789,0.0688477,PA
49,B92,4096,0.310924,0.492188,0.0544434,PA
50,B92,1024,0.297665,0.492188,0.0400391,PA
51,B92,64,0.332992,0.421875,0.015625,PA
52,B92,2048,0.292079,0.493652,0.0356445,PA
53,B92,512,0.296732,0.447266,0.0253906,PA
54,B92,2048,0.264255,0.493164,0.012207,PA
55,B92,4096,0.299465,0.511963,0.0568848,PA
56,B92,64,0.286412,0.484375,0.0625,PA
57,B92,256,0.334984,0.449219,0.0390625,PA
58,B92,512,0.266529,0.5,0.0175781,PA
59,B92,128,0.311215,0.492188,0.0703125,PA
60,B92,2048,0.258578,0.504395,0.0102539,PA
61,B92,512,0.298642,0.505859,0.0546875,PA
62,B92,1024,0.33051,0.485352,0.0732422,PA
63,B92,128,0.259782,0.523438,0.0390625,PA
64,B92,2048,0.307178,0.495605,0.0517578,PA
65,B92,2048,0.330104,0.487305,0.0805664,PA
66,B92,512,0.25274,0.525391,0.0234375,PA
67,B92,128,0.315276,0.5,0.0546875,PA
68,B92,128,0.259861,0.5,0.0078125,PA
69,B92,4096,0.285342,0.506592,0.0393066,PA
70,B92,64,0.29947,0.5,0.125,PA
71,B92,64,0.310138,0.515625,0.015625,PA
72,B92,256,0.291247,0.546875,0.0546875,PA
73,B92,512,0.262625,0.509766,0.0253906,PA
74,B92,256,0.235042,0.546875,0.0078125,PA
75,B92,2048,0.325715,0.49707,0.0751953,PA
76,B92,256,0.263675,0.503906,0.0195312,PA
77,B92,512,0.317098,0.490234,0.0722656,PA
78,B92,512,0.283654,0.486328,0.0234375,PA
79,B92,256,0.306366,0.464844,0.0703125,PA
80,B92,2048,0.308706,0.498047,0.0683594,PA
81,B92,64,0.35697,0.40625,0.046875,PA
82,B92,256,0.28624,0.507812,0.03125,PA
83,B92,2048,0.294267,0.498535,0.0454102,PA
84,B92,128,0.284147,0.5,0.046875,PA
85,B92,512,0.287961,0.474609,0.015625,PA
86,B92,2048,0.2904,0.494629,0.0351562,PA
87,B92,2048,0.306778,0.479492,0.0454102,PA
88,B92,4096,0.300321,0.500732,0.0515137,PA
89,B92,128,0.346326,0.40625,0.0625,PA
90,B92,2048,0.308954,0.48584,0.0551758,PA
91,B92,512,0.298481,0.476562,0.046875,PA
92,B92,2048,0.260777,0.499023,0.00830078,PA
93,B92,1024,0.313353,0.514648,0.0771484,PA
94,B92,64,0.268275,0.546875,0.046875,PA
95,B92,4096,0.303847,0.491211,0.0500488,PA
96,B92,64,0.319215,0.421875,0,PA
97,B92,4096,0.257358,0.501221,0.00952148,PA
98,B92,64,0.33526,0.421875,0.09375,PA
99,B92,256,0.28466,0.503906,0.0429688,PA
100,B92,64,0.255947,0.53125,0.015625,PA
101,B92,2048,0.2823,0.498535,0.0263672,PA
102,B92,512,0.316918,0.501953,0.0722656,PA
103,B92,2048,0.274788,0.512695,0.0332031,PA
104,B92,1024,0.301207,0.46582,0.0429688,PA
105,B92,128,0.305365,0.476562,0.0234375,PA
106,B92,2048,0.270008,0.492676,0.015625,PA
107,B92,256,0.271611,0.5,0.03125,PA
108,B92,4096,0.270356,0.494873,0.0153809,PA
109,B92,4096,0.315931,0.489746,0.0605469,PA
110,B92,1024,0.294434,0.501953,0.046875,PA
111,B92,2048,0.301151,0.49707,0.0478516,PA
112,B92,256,0.249531,0.558594,0.046875,PA
113,B92,1024,0.247006,0.522461,0.00976562,PA
114,B92,256,0.311598,0.515625,0.0820312,PA
115,B92,64,0.342751,0.390625,0.03125,PA
116,B92,64,0.281428,0.484375,0.015625,PA
117,B92,1024,0.278918,0.487305,0.0185547,PA
118,B92,128,0.31088,0.515625,0.078125,PA
119,B92,64,0.275939,0.46875,0.03125,PA
120,B92,128,0.285081,0.460938,0.0078125,PA
121,B92,64,0.311463,0.40625,0.03125,PA
122,B92,2048,0.277182,0.5,0.0292969,PA
123,B92,1024,0.294585,0.492188,0.0351562,PA
124,B92,64,0.306993,0.5,0.078125,PA
125,B92,512,0.296008,0.507812,0.0429688,PA
126,B92,2048,0.293997,0.507324,0.0537109,PA
127,B92,2048,0.31195,0.502441,0.0561523,PA
128,B92,512,0.265354,0.521484,0.0332031,PA
129,B92,1024,0.267465,0.492188,0.00878906,PA
130,B92,512,0.277896,0.505859,0.03125,PA
131,B92,64,0.355903,0.359375,0.03125,PA
132,B92,1024,0.290246,0.515625,0.046875,PA
133,B92,512,0.276269,0.480469,0.0117188,PA
134,B92,256,0.27963,0.53125,0.0390625,PA
135,B92,1024,0.258319,0.510742,0.0136719,PA
136,B92,64,0.243241,0.546875,0.015625,PA
137,B92,128,0.299273,0.523438,0.0546875,PA
138,B92,128,0.322367,0.453125,0.0859375,PA
139,B92,128,0.316021,0.484375,0.078125,PA
140,B92,4096,0.280772,0.507812,0.0405273,PA
141,B92,2048,0.310387,0.483398,0.0527344,PA
142,B92,4096,0.311657,0.503174,0.0605469,PA
143,B92,128,0.31904,0.476562,0.046875,PA
144,B92,128,0.237671,0.546875,0.0078125,PA
145,B92,512,0.264018,0.533203,0.0195312,PA
146,B92,1024,0.262809,0.508789,0.0146484,PA
147,B92,128,0.241017,0.539062,0,PA
148,B92,4096,0.328532,0.487793,0.0742188,PA
149,B92,2048,0.284507,0.505859,0.034668,PA
150,B92,2048,0.296376,0.49707,0.0493164,PA
151,B92,4096,0.259814,0.495361,0.00878906,PA
152,B92,1024,0.305784,0.462891,0.0351562,PA
153,B92,2048,0.265335,0.487793,0.0102539,PA
154,B92,2048,0.294952,0.491211,0.0429688,PA
155,B92,4096,0.263288,0.499512,0.0124512,PA
156,B92,2048,0.298129,0.48584,0.0454102,PA
157,B92,2048,0.278581,0.494141,0.0214844,PA
158,B92,128,0.358482,0.414062,0.0703125,PA
159,B92,4096,0.281129,0.505859,0.0400391,PA
160,B92,2048,0.272236,0.499023,0.0229492,PA
161,B92,128,0.310131,0.476562,0.03125,PA
162,B92,512,0.269718,0.515625,0.0351562,PA
163,B92,512,0.290242,0.505859,0.0488281,PA
164,B92,512,0.316539,0.484375,0.0800781,PA
165,B92,128,0.291149,0.554688,0.078125,PA
166,B92,4096,0.294731,0.480225,0.0344238,PA
167,B92,64,0.268516,0.484375,0.015625,PA
168,B92,1024,0.300187,0.526367,0.0742188,PA
169,B92,64,0.236056,0.546875,0.03125,PA
170,B92,64,0.353101,0.375,0.03125,PA
171,B92,128,0.276769,0.53125,0.03125,PA
172,B92,64,0.282514,0.453125,0.015625,PA
173,B92,64,0.256374,0.609375,0.03125,PA
174,B92,512,0.310512,0.519531,0.0898438,PA
175,B92,2048,0.270742,0.492188,0.0166016,PA
176,B92,4096,0.287637,0.499268,0.0368652,PA
177,B92,1024,0.306267,0.514648,0.0664062,PA
178,B92,1024,0.304036,0.499023,0.0625,PA
179,B92,4096,0.277073,0.512695,0.0280762,PA
180,B92,128,0.301089,0.53125,0.03125,PA
181,B92,2048,0.247219,0.520996,0.00634766,PA
182,B92,256,0.312454,0.519531,0.0742188,PA
183,B92,64,0.28192,0.515625,0.015625,PA
184,B92,2048,0.281678,0.504395,0.0332031,PA
185,B92,64,0.270021,0.53125,0.078125,PA
186,B92,2048,0.285841,0.488281,0.0302734,PA
187,B92,64,0.24805,0.5625,0.03125,PA
188,B92,512,0.304193,0.488281,0.0371094,PA
189,B92,4096,0.271751,0.498779,0.0183105,PA
190,B92,256,0.300674,0.464844,0.0273438,PA
191,B92,1024,0.316758,0.479492,0.0634766,PA
192,B92,256,0.292174,0.507812,0.046875,PA
193,B92,64,0.329958,0.453125,0.0625,PA
194,B92,2048,0.272276,0.515137,0.0239258,PA
195,B92,256,0.273612,0.519531,0.0546875,PA
196,B92,256,0.291988,0.496094,0.046875,PA
197,B92,64,0.310246,0.4375,0.015625,PA
198,B92,1024,0.301679,0.505859,0.0439453,PA
199,B92,2048,0.301742,0.506836,0.0532227,PA
200,B92,256,0.292829,0.480469,0.0273438,PA
201,B92,256,0.287354,0.53125,0.0507812,PA
202,B92,2048,0.321763,0.501953,0.0717773,PA
203,B92,4096,0.268769,0.501953,0.0205078,PA
204,B92,512,0.286856,0.5,0.0390625,PA
205,B92,4096,0.285809,0.511475,0.0422363,PA
206,B92,2048,0.291505,0.502441,0.0419922,PA
207,B92,64,0.312734,0.515625,0.0625,PA
208,B92,2048,0.310557,0.481445,0.0512695,PA
209,B92,128,0.309359,0.46875,0.046875,PA
210,B92,512,0.330676,0.466797,0.0742188,PA
211,B92,4096,0.264653,0.508057,0.0219727,PA
212,B92,2048,0.286577,0.509766,0.0405273,PA
213,B92,2048,0.277838,0.508301,0.027832,PA
214,B92,1024,0.274771,0.490234,0.03125,PA
215,B92,256,0.273156,0.480469,0.0117188,PA
216,B92,512,0.257663,0.5,0.00390625,PA
217,B92,256,0.271428,0.558594,0.0820312,PA
218,B92,64,0.295186,0.5,0.03125,PA
219,B92,2048,0.316533,0.492188,0.0566406,PA
220,B92,256,0.301257,0.464844,0.0273438,PA
221,B92,128,0.292698,0.492188,0.03125,PA
222,B92,2048,0.258971,0.503418,0.00927734,PA
223,B92,256,0.293815,0.429688,0,PA
224,B92,2048,0.293539,0.499512,0.0380859,PA
225,B92,512,0.299368,0.447266,0.0117188,PA
226,B92,256,0.340482,0.429688,0.0351562,PA
227,B92,2048,0.318536,0.494629,0.0664062,PA
228,B92,512,0.282871,0.46875,0.0136719,PA
229,B92,512,0.297403,0.462891,0.0332031,PA
230,B92,128,0.333619,0.453125,0.03125,PA
231,B92,128,0.349461,0.445312,0.09375,PA
232,B92,64,0.307434,0.40625,0.015625,PA
233,B92,1024,0.301091,0.495117,0.0595703,PA
234,B92,1024,0.292316,0.5,0.0380859,PA
235,B92,1024,0.268432,0.49707,0.0224609,PA
236,B92,4096,0.257347,0.509033,0.0124512,PA
237,B92,256,0.306344,0.507812,0.0742188,PA
238,B92,256,0.301942,0.457031,0.0117188,PA
239,B92,128,0.289697,0.523438,0.0546875,PA
240,B92,4096,0.265738,0.496582,0.0141602,PA
241,B92,4096,0.269684,0.498535,0.0180664,PA
242,B92,512,0.32129,0.460938,0.0410156,PA
243,B92,1024,0.272567,0.522461,0.0351562,PA
244,B92,1024,0.312077,0.510742,0.0585938,PA
245,B92,1024,0.26639,0.495117,0.0107422,PA
246,B92,4096,0.31464,0.503662,0.0661621,PA
247,B92,2048,0.305622,0.498047,0.0585938,PA
248,B92,512,0.277242,0.490234,0.0292969,PA
249,B92,4096,0.295531,0.489014,0.0332031,PA
250,B92,256,0.341392,0.457031,0.0742188,PA
251,B92,256,0.287634,0.507812,0.0742188,PA
252,B92,128,0.246278,0.539062,0.0234375,PA
253,B92,512,0.322991,0.492188,0.0605469,PA
254,B92,128,0.263836,0.507812,0.03125,PA
255,B92,64,0.332755,0.46875,0.125,PA
256,B92,4096,0.319459,0.500488,0.0751953,PA
257,B92,4096,0.323764,0.492432,0.0686035,PA
258,B92,4096,0.291897,0.499023,0.0390625,PA
259,B92,1024,0.273974,0.520508,0.0400391,PA
260,B92,4096,0.271106,0.493408,0.0202637,PA
261,B92,2048,0.261896,0.495605,0.0102539,PA
262,B92,128,0.283945,0.546875,0.0546875,PA
263,B92,128,0.231562,0.5625,0.0234375,PA
264,B92,256,0.298319,0.496094,0.0390625,PA
265,B92,512,0.287257,0.511719,0.0390625,PA
266,B92,4096,0.307535,0.502197,0.0512695,PA
267,B92,256,0.292864,0.53125,0.0585938,PA
268,B92,128,0.3209,0.453125,0.0546875,PA
269,B92,512,0.311659,0.492188,0.0664062,PA
270,B92,64,0.312882,0.453125,0.078125,PA
271,B92,1024,0.302916,0.512695,0.0458984,PA
272,B92,4096,0.299155,0.495361,0.045166,PA
273,B92,256,0.287719,0.488281,0.0234375,PA
274,B92,512,0.293569,0.496094,0.0488281,PA
275,B92,1024,0.278316,0.483398,0.0185547,PA
276,B92,128,0.318746,0.453125,0.0546875,PA
277,B92,2048,0.278536,0.488281,0.0253906,PA
278,B92,4096,0.30817,0.496338,0.0563965,PA
279,B92,1024,0.315626,0.518555,0.0761719,PA
280,B92,256,0.279346,0.476562,0.0195312,PA
281,B92,4096,0.270278,0.50293,0.0231934,PA
282,B92,128,0.26208,0.554688,0.046875,PA
283,B92,4096,0.258017,0.505127,0.00927734,PA
284,B92,1024,0.269243,0.506836,0.0253906,PA
285,B92,64,0.296303,0.4375,0,PA
286,B92,64,0.326386,0.484375,0.109375,PA
287,B92,64,0.26323,0.59375,0.03125,PA
288,B92,128,0.32057,0.5,0.046875,PA
289,B92,256,0.306587,0.515625,0.0546875,PA
290,B92,4096,0.312129,0.489258,0.0600586,PA
291,B92,1024,0.272164,0.474609,0.0126953,PA
292,B92,64,0.246909,0.640625,0.046875,PA
293,B92,4096,0.318797,0.487793,0.060791,PA
294,B92,256,0.285245,0.523438,0.0195312,PA
295,B92,2048,0.330513,0.487305,0.0805664,PA
296,B92,2048,0.262817,0.512207,0.0170898,PA
297,B92,256,0.27761,0.488281,0.0273438,PA
298,B92,512,0.309313,0.5,0.0585938,PA
299,B92,2048,0.294593,0.489258,0.0444336,PA
300,B92,4096,0.291352,0.506836,0.0424805,PA
301,B92,2048,0.303936,0.495117,0.0463867,PA
302,B92,128,0.280601,0.570312,0.0546875,PA
303,B92,2048,0.31675,0.509766,0.0673828,PA
304,B92,4096,0.332082,0.480957,0.074707,PA
305,B92,2048,0.292162,0.484375,0.0322266,PA
306,B92,2048,0.268616,0.490723,0.0136719,PA
307,B92,64,0.352013,0.4375,0.09375,PA
308,B92,2048,0.293787,0.490723,0.0375977,PA
309,B92,256,0.310718,0.476562,0.0507812,PA
310,B92,64,0.262448,0.5,0.046875,PA
311,B92,256,0.300973,0.503906,0.0390625,PA
312,B92,256,0.244597,0.539062,0.015625,PA
313,B92,256,0.300979,0.492188,0.0429688,PA
314,B92,256,0.302292,0.519531,0.0820312,PA
315,B92,256,0.281566,0.515625,0.0390625,PA
316,B92,256,0.273502,0.472656,0.015625,PA
317,B92,256,0.285009,0.507812,0.0273438,PA
318,B92,128,0.308645,0.523438,0.0546875,PA
319,B92,1024,0.320379,0.504883,0.0683594,PA
320,B92,2048,0.317826,0.500488,0.0673828,PA
321,B92,64,0.326648,0.4375,0.015625,PA
322,B92,4096,0.267967,0.48999,0.010498,PA
323,B92,128,0.293934,0.429688,0.0078125,PA
324,B92,128,0.316013,0.5,0.0234375,PA
325,B92,2048,0.283134,0.504395,0.0361328,PA
326,B92,64,0.317918,0.484375,0.015625,PA
327,B92,4096,0.31211,0.490723,0.0549316,PA
328,B92,64,0.307797,0.515625,0.046875,PA
329,B92,1024,0.300198,0.503906,0.0537109,PA
330,B92,128,0.323436,0.445312,0.0546875,PA
331,B92,1024,0.269894,0.491211,0.0214844,PA
332,B92,256,0.301851,0.519531,0.0742188,PA
333,B92,512,0.301741,0.482422,0.0664062,PA
334,B92,2048,0.26217,0.502441,0.0146484,PA
335,B92,1024,0.298874,0.49707,0.0458984,PA
336,B92,256,0.329715,0.476562,0.0585938,PA
337,B92,1024,0.276342,0.512695,0.0273438,PA
338,B92,2048,0.267804,0.511719,0.0244141,PA
339,B92,512,0.281366,0.527344,0.0410156,PA
340,B92,64,0.331847,0.421875,0.03125,PA
341,B92,4096,0.319133,0.498047,0.0651855,PA
342,B92,4096,0.309072,0.501953,0.0620117,PA
343,B92,4096,0.262065,0.505127,0.0163574,PA
344,B92,128,0.289852,0.484375,0.0234375,PA
345,B92,512,0.270024,0.525391,0.0292969,PA
346,B92,4096,0.276499,0.504639,0.0239258,PA
347,B92,4096,0.262524,0.49707,0.0119629,PA
348,B92,1024,0.281644,0.481445,0.0205078,PA
349,B92,1024,0.275732,0.515625,0.0332031,PA
350,B92,64,0.269372,0.484375,0.046875,PA
351,B92,2048,0.264771,0.495605,0.0117188,PA
352,B92,4096,0.325587,0.494629,0.0756836,PA
353,B92,64,0.271909,0.53125,0.015625,PA
354,B92,1024,0.300326,0.50293,0.0400391,PA
355,B92,128,0.325981,0.382812,0,PA
356,B92,1024,0.287233,0.501953,0.0341797,PA
357,B92,512,0.2827,0.5,0.0371094,PA
358,B92,128,0.2893,0.523438,0.046875,PA
359,B92,64,0.289023,0.546875,0.078125,PA
360,B92,64,0.299572,0.53125,0.046875,PA
361,B92,1024,0.275882,0.515625,0.0302734,PA
362,B92,512,0.281927,0.5,0.0253906,PA
363,B92,512,0.283877,0.513672,0.0429688,PA
364,B92,64,0.244943,0.53125,0,PA
365,B92,4096,0.304532,0.502686,0.0615234,PA
366,B92,64,0.303539,0.453125,0.03125,PA
367,B92,64,0.274767,0.59375,0.09375,PA
368,B92,1024,0.280681,0.50293,0.0244141,PA
369,B92,1024,0.303234,0.493164,0.0517578,PA
370,B92,1024,0.310717,0.510742,0.0664062,PA
371,B92,1024,0.312871,0.500977,0.0703125,PA
372,B92,64,0.275801,0.46875,0.015625,PA
373,B92,1024,0.303519,0.489258,0.0527344,PA
374,B92,1024,0.266457,0.482422,0.00878906,PA
375,B92,1024,0.289008,0.475586,0.0273438,PA
376,B92,64,0.290584,0.484375,0.03125,PA
377,B92,2048,0.307581,0.490234,0.0517578,PA
378,B92,128,0.245055,0.578125,0.015625,PA
379,B92,256,0.26041,0.546875,0.0429688,PA
380,B92,64,0.311749,0.40625,0.015625,PA
381,B92,256,0.298274,0.429688,0.015625,PA
382,B92,2048,0.301429,0.510254,0.0620117,PA
383,B92,2048,0.313354,0.494141,0.0629883,PA
384,B92,1024,0.272161,0.539062,0.0410156,PA
385,B92,1024,0.294363,0.520508,0.0449219,PA
386,B92,2048,0.320989,0.505371,0.0737305,PA
387,B92,64,0.286714,0.5,0.078125,PA
388,B92,4096,0.328525,0.490234,0.0732422,PA
389,B92,1024,0.268925,0.486328,0.0117188,PA
390,B92,1024,0.315654,0.506836,0.0625,PA
391,B92,64,0.28315,0.546875,0.03125,PA
392,B92,512,0.288999,0.505859,0.0371094,PA
393,B92,256,0.275696,0.5,0.0273438,PA
394,B92,1024,0.300674,0.477539,0.0410156,PA
395,B92,256,0.282404,0.515625,0.0234375,PA
396,B92,2048,0.276489,0.486816,0.0268555,PA
397,B92,64,0.364689,0.390625,0.109375,PA
398,B92,128,0.249283,0.5625,0.015625,PA
399,B92,256,0.317858,0.433594,0.0429688,PA
400,B92,512,0.277794,0.525391,0.03125,PA
401,B92,4096,0.29572,0.500488,0.0380859,PA
402,B92,1024,0.262475,0.514648,0.015625,PA
403,B92,512,0.315078,0.484375,0.0566406,PA
404,B92,256,0.310982,0.445312,0.03125,PA
405,B92,64,0.244845,0.546875,0.046875,PA
406,B92,512,0.271799,0.486328,0.0175781,PA
407,B92,1024,0.315679,0.504883,0.0800781,PA
408,B92,256,0.321515,0.480469,0.03125,PA
409,B92,64,0.299334,0.53125,0.046875,PA
410,B92,4096,0.27748,0.495605,0.0244141,PA
411,B92,2048,0.286358,0.519043,0.0463867,PA
412,B92,64,0.311449,0.484375,0.046875,PA
413,B92,128,0.327772,0.445312,0.0546875,PA
414,B92,1024,0.312664,0.5,0.0644531,PA
415,B92,2048,0.281468,0.499023,0.0297852,PA
416,B92,1024,0.303551,0.503906,0.0605469,PA
417,B92,4096,0.285601,0.495361,0.0351562,PA
418,B92,1024,0.326701,0.479492,0.0683594,PA
419,B92,2048,0.281341,0.490723,0.03125,PA
420,B92,1024,0.275793,0.521484,0.0302734,PA
421,B92,4096,0.324948,0.497803,0.0771484,PA
422,B92,128,0.257955,0.507812,0.015625,PA
423,B92,64,0.264037,0.5625,0.0625,PA
424,B92,64,0.265195,0.5,0.03125,PA
425,B92,256,0.289797,0.511719,0.046875,PA
426,B92,1024,0.273195,0.515625,0.0439453,PA
427,B92,128,0.253913,0.515625,0.0078125,PA
428,B92,256,0.327745,0.464844,0.078125,PA
429,B92,64,0.348104,0.421875,0.046875,PA
430,B92,256,0.293522,0.480469,0.015625,PA
431,B92,1024,0.317206,0.499023,0.0625,PA
432,B92,2048,0.27934,0.525391,0.0390625,PA
433,B92,512,0.295586,0.537109,0.0761719,PA
434,B92,64,0.268539,0.609375,0.0625,PA
435,B92,64,0.262679,0.5625,0.109375,PA
436,B92,512,0.307359,0.46875,0.0351562,PA
437,B92,1024,0.280653,0.516602,0.0371094,PA
438,B92,1024,0.303744,0.491211,0.0390625,PA
439,B92,256,0.289413,0.554688,0.0664062,PA
440,B92,4096,0.306206,0.502441,0.0583496,PA
441,B92,128,0.294391,0.53125,0.046875,PA
442,B92,512,0.309887,0.513672,0.078125,PA
443,B92,128,0.311504,0.445312,0.03125,PA
444,B92,128,0.273434,0.5,0.03125,PA
445,B92,4096,0.280776,0.497803,0.0288086,PA
446,B92,4096,0.314538,0.502197,0.0654297,PA
447,B92,64,0.224445,0.640625,0,PA
448,B92,4096,0.306123,0.492432,0.0549316,PA
449,B92,256,0.251648,0.539062,0.0273438,PA
450,B92,64,0.324287,0.390625,0,PA
451,B92,64,0.272129,0.59375,0.109375,PA
452,B92,4096,0.279594,0.496094,0.0285645,PA
453,B92,4096,0.297025,0.49585,0.0456543,PA
454,B92,4096,0.312044,0.5,0.0661621,PA
455,B92,64,0.293721,0.546875,0.0625,PA
456,B92,128,0.291166,0.5,0.046875,PA
457,B92,64,0.305771,0.53125,0.0625,PA
458,B92,4096,0.284,0.519043,0.0466309,PA
459,B92,4096,0.31342,0.515625,0.0639648,PA
460,B92,512,0.292117,0.527344,0.0644531,PA
461,B92,128,0.302148,0.445312,0.046875,PA
462,B92,512,0.300273,0.507812,0.0722656,PA
463,B92,128,0.240933,0.5625,0.015625,PA
464,B92,2048,0.302543,0.507324,0.0551758,PA
465,B92,2048,0.298108,0.512207,0.0571289,PA
466,B92,64,0.271351,0.515625,0.03125,PA
467,B92,64,0.310014,0.5,0.03125,PA
468,B92,64,0.324242,0.484375,0.0625,PA
469,B92,1024,0.272566,0.504883,0.0302734,PA
470,B92,512,0.329818,0.431641,0.0449219,PA
471,B92,512,0.293782,0.503906,0.0429688,PA
472,B92,512,0.281399,0.53125,0.03125,PA
473,B92,1024,0.304003,0.499023,0.0488281,PA
474,B92,2048,0.266536,0.52002,0.0249023,PA
475,B92,1024,0.275059,0.522461,0.0400391,PA
476,B92,4096,0.319404,0.505859,0.0698242,PA
477,B92,64,0.271335,0.546875,0.015625,PA
478,B92,2048,0.293117,0.490723,0.0380859,PA
479,B92,128,0.338812,0.453125,0.0703125,PA
480,B92,2048,0.256424,0.509766,0.0107422,PA
481,B92,4096,0.281155,0.501709,0.0314941,PA
482,B92,512,0.276056,0.505859,0.0273438,PA
483,B92,2048,0.281945,0.490234,0.0249023,PA
484,B92,64,0.302076,0.5,0.078125,PA
485,B92,64,0.319392,0.5,0.109375,PA
486,B92,4096,0.322071,0.505371,0.0830078,PA
487,B92,2048,0.288708,0.5,0.0395508,PA
488,B92,256,0.273291,0.53125,0.0429688,PA
489,B92,256,0.313853,0.480469,0.046875,PA
490,B92,1024,0.298701,0.494141,0.0488281,PA
491,B92,512,0.308343,0.517578,0.0761719,PA
492,B92,512,0.275685,0.513672,0.0371094,PA
493,B92,256,0.313257,0.464844,0.0507812,PA
494,B92,256,0.302651,0.445312,0.0234375,PA
495,B92,2048,0.278743,0.501953,0.027832,PA
496,B92,64,0.283531,0.484375,0.03125,PA
497,B92,4096,0.263605,0.504883,0.0197754,PA
498,B92,4096,0.316498,0.494385,0.0615234,PA
499,B92,4096,0.317688,0.492676,0.0668945,PA
500,B92,2048,0.293206,0.471191,0.0332031,PA
501,B92,4096,0.298385,0.499268,0.0439453,PA
502,B92,256,0.254612,0.542969,0.0390625,PA
503,B92,256,0.30944,0.460938,0.03125,PA
504,B92,64,0.348787,0.375,0.015625,PA
505,B92,512,0.302286,0.476562,0.0410156,PA
506,B92,64,0.317894,0.40625,0.015625,PA
507,B92,1024,0.24494,0.527344,0.0146484,PA
508,B92,2048,0.27973,0.478516,0.0161133,PA
509,B92,512,0.272059,0.515625,0.0410156,PA
510,B92,1024,0.254346,0.537109,0.0195312,PA
511,B92,256,0.328726,0.488281,0.109375,PA
512,B92,64,0.310662,0.421875,0,PA
513,B92,512,0.262902,0.513672,0.015625,PA
514,B92,4096,0.296134,0.48999,0.0429688,PA
515,B92,256,0.302766,0.480469,0.0625,PA
516,B92,128,0.315393,0.507812,0.0546875,PA
517,B92,256,0.322867,0.484375,0.0625,PA
518,B92,256,0.245518,0.542969,0.0234375,PA
519,B92,512,0.288335,0.490234,0.0449219,PA
520,B92,512,0.29701,0.478516,0.0351562,PA
521,B92,256,0.278821,0.5,0.0273438,PA
522,B92,512,0.285628,0.501953,0.0429688,PA
523,B92,128,0.324911,0.5,0.109375,PA
524,B92,128,0.297887,0.53125,0.0703125,PA
525,B92,2048,0.284772,0.513184,0.0410156,PA
526,B92,64,0.290576,0.5625,0.046875,PA
527,B92,1024,0.321513,0.493164,0.0761719,PA
528,B92,64,0.255221,0.578125,0.015625,PA
529,B92,64,0.37517,0.375,0.109375,PA
530,B92,1024,0.325372,0.475586,0.0712891,PA
531,B92,4096,0.291601,0.498779,0.0390625,PA
532,B92,64,0.310609,0.515625,0.0625,PA
533,B92,2048,0.284881,0.498535,0.0371094,PA
534,B92,1024,0.30601,0.486328,0.0390625,PA
535,B92,128,0.314371,0.523438,0.09375,PA
536,B92,256,0.300343,0.527344,0.0664062,PA
537,B92,64,0.322478,0.46875,0.046875,PA
538,B92,1024,0.266971,0.496094,0.0136719,PA
539,B92,4096,0.276105,0.500488,0.0217285,PA
540,B92,2048,0.308465,0.508789,0.0566406,PA
541,B92,4096,0.316576,0.512207,0.0700684,PA
542,B92,64,0.303903,0.546875,0.078125,PA
543,B92,1024,0.31923,0.503906,0.0830078,PA
544,B92,256,0.291549,0.472656,0.015625,PA
545,B92,64,0.293133,0.5,0.0625,PA
546,B92,4096,0.269806,0.486328,0.0144043,PA
547,B92,2048,0.311679,0.5,0.0585938,PA
548,B92,1024,0.27438,0.498047,0.0263672,PA
549,B92,512,0.295405,0.470703,0.0410156,PA
550,B92,64,0.316918,0.421875,0.046875,PA
551,B92,128,0.276835,0.554688,0.0625,PA
552,B92,128,0.270598,0.578125,0.03125,PA
553,B92,1024,0.295559,0.480469,0.0302734,PA
554,B92,4096,0.255896,0.505127,0.00756836,PA
555,B92,1024,0.271161,0.503906,0.015625,PA
556,B92,256,0.305344,0.480469,0.0546875,PA
557,B92,256,0.296742,0.5,0.0664062,PA
558,B92,4096,0.310941,0.487061,0.0556641,PA
559,B92,4096,0.276954,0.493652,0.0249023,PA
560,B92,64,0.282691,0.59375,0.09375,PA
561,B92,64,0.273981,0.484375,0,PA
562,B92,1024,0.334278,0.474609,0.0732422,PA
563,B92,256,0.312164,0.46875,0.0703125,PA
564,B92,128,0.262565,0.515625,0.0625,PA
565,B92,512,0.329544,0.458984,0.0527344,PA
566,B92,4096,0.258421,0.503174,0.0100098,PA
567,B92,1024,0.307767,0.490234,0.0507812,PA
568,B92,4096,0.283961,0.496826,0.0341797,PA
569,B92,2048,0.283991,0.508301,0.0385742,PA
570,B92,4096,0.313371,0.490967,0.0583496,PA
571,B92,1024,0.247096,0.522461,0.00976562,PA
572,B92,256,0.312438,0.492188,0.0898438,PA
573,B92,4096,0.294766,0.486328,0.0385742,PA
574,B92,256,0.318791,0.472656,0.078125,PA
575,B92,64,0.284395,0.46875,0.015625,PA
576,B92,1024,0.298656,0.52832,0.0634766,PA
577,B92,128,0.253248,0.570312,0.0390625,PA
578,B92,512,0.286474,0.476562,0.0214844,PA
579,B92,2048,0.302885,0.484863,0.0351562,PA
580,B92,1024,0.29489,0.514648,0.0576172,PA
581,B92,256,0.274791,0.5,0.0507812,PA
582,B92,1024,0.319031,0.478516,0.0537109,PA
583,B92,256,0.306463,0.523438,0.078125,PA
584,B92,4096,0.278032,0.495117,0.0246582,PA
585,B92,512,0.253731,0.525391,0.015625,PA
586,B92,64,0.311796,0.46875,0.078125,PA
587,B92,256,0.325895,0.484375,0.0859375,PA
588,B92,1024,0.325203,0.47168,0.0751953,PA
589,B92,256,0.313065,0.46875,0.0429688,PA
590,B92,256,0.249762,0.519531,0.0078125,PA
591,B92,128,0.291513,0.484375,0.0234375,PA
592,B92,1024,0.279769,0.494141,0.0302734,PA
593,B92,512,0.2824,0.486328,0.0195312,PA
594,B92,128,0.227461,0.5625,0,PA
595,B92,512,0.274637,0.507812,0.03125,PA
596,B92,128,0.324378,0.492188,0.09375,PA
597,B92,64,0.345185,0.421875,0.09375,PA
598,B92,512,0.33562,0.457031,0.0625,PA
599,B92,64,0.330456,0.46875,0.03125,PA
600,B92,4096,0.310281,0.498047,0.0617676,PA
601,B92,4096,0.270259,0.494141,0.0200195,PA
602,B92,2048,0.30186,0.487793,0.0454102,PA
603,B92,1024,0.276205,0.494141,0.0244141,PA
604,B92,1024,0.315208,0.474609,0.0527344,PA
605,B92,256,0.282239,0.488281,0.0195312,PA
606,B92,512,0.285651,0.445312,0.00585938,PA
607,B92,128,0.280242,0.570312,0.0625,PA
608,B92,4096,0.309185,0.507568,0.057373,PA
609,B92,128,0.317483,0.5,0.09375,PA
610,B92,64,0.279709,0.546875,0.078125,PA
611,B92,256,0.297226,0.476562,0.0273438,PA
612,B92,1024,0.286733,0.509766,0.0478516,PA
613,B92,1024,0.255419,0.515625,0.0117188,PA
614,B92,512,0.289395,0.5,0.0429688,PA
615,B92,64,0.296767,0.5625,0.0625,PA
616,B92,2048,0.278105,0.487305,0.027832,PA
617,B92,1024,0.331066,0.462891,0.0673828,PA
618,B92,4096,0.271917,0.502441,0.0241699,PA
619,B92,1024,0.267918,0.525391,0.0244141,PA
620,B92,64,0.318957,0.453125,0.015625,PA
621,B92,512,0.318662,0.482422,0.0664062,PA
622,B92,512,0.32702,0.470703,0.0683594,PA
623,B92,128,0.336598,0.460938,0.0703125,PA
624,B92,4096,0.293852,0.503906,0.0478516,PA
625,B92,512,0.311745,0.513672,0.0742188,PA
626,B92,512,0.317091,0.505859,0.0664062,PA
627,B92,256,0.291932,0.472656,0.0234375,PA
628,B92,128,0.316022,0.476562,0.0625,PA
629,B92,2048,0.293364,0.510742,0.0493164,PA
630,B92,2048,0.288493,0.484375,0.0258789,PA
631,B92,128,0.260632,0.5,0.0078125,PA
632,B92,2048,0.317776,0.506836,0.0698242,PA
633,B92,128,0.297116,0.429688,0.015625,PA
634,B92,256,0.288137,0.484375,0.03125,PA
635,B92,256,0.281752,0.507812,0.0234375,PA
636,B92,64,0.299561,0.4375,0.046875,PA
637,B92,128,0.319947,0.445312,0.0703125,PA
638,B92,4096,0.26306,0.512451,0.019043,PA
639,B92,256,0.332257,0.46875,0.0664062,PA
640,B92,64,0.310306,0.46875,0.0625,PA
641,B92,2048,0.262803,0.510254,0.0151367,PA
642,B92,4096,0.29848,0.501953,0.0529785,PA
643,B92,4096,0.267046,0.5,0.0185547,PA
644,B92,512,0.295489,0.460938,0.0410156,PA
645,B92,512,0.284902,0.550781,0.0507812,PA
646,B92,512,0.296199,0.457031,0.03125,PA
647,B92,64,0.32264,0.453125,0.046875,PA
648,B92,256,0.276161,0.480469,0.015625,PA
649,B92,512,0.329642,0.488281,0.0996094,PA
650,B92,128,0.273786,0.492188,0.0078125,PA
651,B92,2048,0.316007,0.486328,0.0654297,PA
652,B92,64,0.256436,0.546875,0.0625,PA
653,B92,128,0.357739,0.421875,0.109375,PA
654,B92,256,0.256678,0.503906,0.0195312,PA
655,B92,2048,0.270196,0.499023,0.0209961,PA
656,B92,128,0.290616,0.53125,0.0625,PA
657,B92,128,0.317728,0.515625,0.0625,PA
658,B92,128,0.30864,0.421875,0.03125,PA
659,B92,64,0.227951,0.640625,0.046875,PA
660,B92,2048,0.294278,0.504883,0.0390625,PA
661,B92,1024,0.275536,0.495117,0.0214844,PA
662,B92,4096,0.291216,0.496094,0.034668,PA
663,B92,1024,0.253408,0.512695,0.0126953,PA
664,B92,4096,0.279986,0.51001,0.0344238,PA
665,B92,64,0.33591,0.46875,0.046875,PA
666,B92,256,0.287339,0.480469,0.03125,PA
667,B92,256,0.283939,0.515625,0.0585938,PA
668,B92,256,0.272781,0.507812,0.015625,PA
669,B92,64,0.297711,0.515625,0.09375,PA
670,B92,256,0.287728,0.460938,0.0195312,PA
671,B92,64,0.3372,0.453125,0.046875,PA
672,B92,256,0.263097,0.519531,0.00390625,PA
673,B92,4096,0.287849,0.507812,0.0456543,PA
674,B92,512,0.309586,0.505859,0.0585938,PA
675,B92,128,0.295684,0.484375,0.0234375,PA
676,B92,512,0.338278,0.464844,0.0683594,PA
677,B92,256,0.30328,0.519531,0.0585938,PA
678,B92,64,0.318143,0.40625,0,PA
679,B92,128,0.277669,0.585938,0.0625,PA
680,B92,512,0.312916,0.511719,0.0820312,PA
681,B92,64,0.248862,0.53125,0.03125,PA
682,B92,512,0.274526,0.521484,0.0390625,PA
683,B92,1024,0.281581,0.500977,0.0429688,PA
684,B92,1024,0.287733,0.484375,0.0273438,PA
685,B92,2048,0.27352,0.506836,0.0332031,PA
686,B92,512,0.28644,0.519531,0.0332031,PA
687,B92,512,0.329843,0.482422,0.0664062,PA
688,B92,512,0.294551,0.5,0.0371094,PA
689,B92,2048,0.308974,0.509766,0.0566406,PA
690,B92,64,0.324798,0.4375,0.078125,PA
691,B92,2048,0.268994,0.497559,0.0180664,PA
692,B92,4096,0.314947,0.495117,0.0563965,PA
693,B92,512,0.268652,0.498047,0.0195312,PA
694,B92,128,0.26642,0.5,0.03125,PA
695,B92,256,0.264433,0.492188,0.015625,PA
696,B92,1024,0.297643,0.49707,0.0439453,PA
697,B92,64,0.266647,0.515625,0.046875,PA
698,B92,4096,0.271248,0.511719,0.0297852,PA
699,B92,512,0.320671,0.488281,0.0625,PA
700,B92,256,0.300779,0.484375,0.0429688,PA
701,B92,2048,0.262807,0.505859,0.0146484,PA
702,B92,2048,0.300588,0.524902,0.0683594,PA
703,B92,4096,0.255579,0.505127,0.00854492,PA
704,B92,256,0.279877,0.464844,0.0078125,PA
705,B92,1024,0.278195,0.516602,0.0410156,PA
706,B92,1024,0.303687,0.52832,0.0605469,PA
707,B92,64,0.258175,0.515625,0.015625,PA
708,B92,1024,0.310228,0.501953,0.0654297,PA
709,B92,4096,0.309522,0.5,0.0603027,PA
710,B92,512,0.29282,0.505859,0.046875,PA
711,B92,2048,0.317627,0.498535,0.0639648,PA
712,B92,4096,0.313342,0.509521,0.065918,PA
713,B92,64,0.309624,0.5,0.0625,PA
714,B92,1024,0.292272,0.495117,0.0537109,PA
715,B92,1024,0.289913,0.505859,0.0400391,PA
716,B92,256,0.324346,0.417969,0.046875,PA
717,B92,512,0.251445,0.521484,0.0117188,PA
718,B92,1024,0.281375,0.490234,0.0205078,PA
719,B92,64,0.302371,0.453125,0.015625,PA
720,B92,64,0.323539,0.5,0.09375,PA
721,B92,2048,0.263341,0.5,0.0131836,PA
722,B92,512,0.311966,0.5,0.0546875,PA
723,B92,256,0.303983,0.507812,0.0703125,PA
724,B92,512,0.30638,0.509766,0.0644531,PA
725,B92,512,0.32215,0.476562,0.0585938,PA
726,B92,512,0.292384,0.521484,0.0566406,PA
727,B92,2048,0.29885,0.495605,0.0458984,PA
728,B92,4096,0.320737,0.494873,0.0588379,PA
729,B92,4096,0.265354,0.502197,0.0163574,PA
730,B92,512,0.334762,0.460938,0.0917969,PA
731,B92,4096,0.289086,0.493896,0.0356445,PA
732,B92,1024,0.28659,0.495117,0.0449219,PA
733,B92,512,0.275294,0.509766,0.0195312,PA
734,B92,64,0.227472,0.578125,0,PA
735,B92,4096,0.293473,0.494141,0.0371094,PA
736,B92,512,0.288098,0.46875,0.0234375,PA
737,B92,128,0.257606,0.5,0,PA
738,B92,64,0.312196,0.515625,0.0625,PA
739,B92,128,0.300062,0.515625,0.0390625,PA
740,B92,128,0.268172,0.492188,0.015625,PA
741,B92,256,0.270586,0.515625,0.0195312,PA
742,B92,2048,0.271874,0.491699,0.0180664,PA
743,B92,512,0.258353,0.503906,0.00390625,PA
744,B92,64,0.284773,0.5625,0.0625,PA
745,B92,4096,0.305579,0.493652,0.0493164,PA
746,B92,4096,0.257054,0.502441,0.00805664,PA
747,B92,64,0.286934,0.53125,0.046875,PA
748,B92,64,0.31784,0.453125,0.046875,PA
749,B92,64,0.292385,0.5,0.015625,PA
750,B92,256,0.252034,0.542969,0.0117188,PA
751,B92,4096,0.282358,0.500732,0.03125,PA
752,B92,4096,0.268552,0.511963,0.0231934,PA
753,B92,1024,0.30825,0.521484,0.0625,PA
754,B92,4096,0.271687,0.503906,0.0205078,PA
755,B92,128,0.280675,0.507812,0.03125,PA
756,B92,4096,0.279531,0.488525,0.0217285,PA
757,B92,512,0.257869,0.541016,0.0253906,PA
758,B92,4096,0.272978,0.506836,0.029541,PA
759,B92,512,0.320373,0.490234,0.0507812,PA
760,B92,64,0.269779,0.546875,0.03125,PA
761,B92,1024,0.261,0.496094,0.00488281,PA
762,B92,256,0.288563,0.511719,0.046875,PA
763,B92,128,0.268759,0.53125,0.0546875,PA
764,B92,2048,0.30037,0.489746,0.0517578,PA
765,B92,64,0.314127,0.421875,0.015625,PA
766,B92,1024,0.257718,0.516602,0.0166016,PA
767,B92,64,0.291289,0.53125,0.0625,PA
768,B92,4096,0.315989,0.50415,0.0651855,PA
769,B92,512,0.299826,0.521484,0.0566406,PA
770,B92,64,0.297238,0.421875,0,PA
771,B92,256,0.291341,0.492188,0.0390625,PA
772,B92,1024,0.298602,0.479492,0.0341797,PA
773,B92,64,0.330442,0.390625,0,PA
774,B92,512,0.272223,0.519531,0.0390625,PA
775,B92,128,0.30747,0.492188,0.078125,PA
776,B92,1024,0.272387,0.503906,0.0263672,PA
777,B92,4096,0.281113,0.520996,0.0373535,PA
778,B92,256,0.282545,0.457031,0.00390625,PA
779,B92,128,0.292542,0.507812,0.0546875,PA
780,B92,128,0.274273,0.484375,0.046875,PA
781,B92,4096,0.301101,0.498291,0.0505371,PA
782,B92,64,0.299427,0.515625,0.078125,PA
783,B92,2048,0.296423,0.50293,0.0473633,PA
784,B92,4096,0.30814,0.510498,0.059082,PA
785,B92,64,0.343069,0.390625,0.046875,PA
786,B92,2048,0.309498,0.509766,0.0742188,PA
787,B92,1024,0.304702,0.510742,0.0683594,PA
788,B92,2048,0.262317,0.492188,0.00976562,PA
789,B92,512,0.322927,0.498047,0.0605469,PA
790,B92,512,0.288477,0.523438,0.0371094,PA
791,B92,256,0.264831,0.5,0.0117188,PA
792,B92,128,0.289113,0.515625,0.046875,PA
793,B92,256,0.299184,0.527344,0.046875,PA
794,B92,2048,0.282906,0.492676,0.0292969,PA
795,B92,256,0.299793,0.503906,0.0507812,PA
796,B92,2048,0.309625,0.490234,0.0576172,PA
797,B92,256,0.321949,0.464844,0.046875,PA
798,B92,4096,0.269125,0.497314,0.017334,PA
799,B92,2048,0.302864,0.503418,0.059082,PA
800,B92,64,0.277724,0.5,0.03125,PA
801,B92,256,0.264707,0.53125,0.0507812,PA
802,B92,2048,0.309981,0.499023,0.0625,PA
803,B92,128,0.290931,0.539062,0.0390625,PA
804,B92,1024,0.318197,0.489258,0.0615234,PA
805,B92,128,0.271618,0.578125,0.0703125,PA
806,B92,128,0.303099,0.539062,0.0234375,PA
807,B92,2048,0.322088,0.502441,0.0732422,PA
808,B92,256,0.316224,0.515625,0.0898438,PA
809,B92,2048,0.280766,0.495605,0.0273438,PA
810,B92,64,0.281327,0.59375,0.0625,PA
811,B92,128,0.260829,0.5,0.0078125,PA
812,B92,128,0.257963,0.515625,0.0390625,PA
813,B92,1024,0.296241,0.510742,0.0498047,PA
814,B92,128,0.347096,0.414062,0.0625,PA
815,B92,2048,0.284895,0.515137,0.0454102,PA
816,B92,256,0.288708,0.515625,0.0507812,PA
817,B92,4096,0.257943,0.502686,0.0112305,PA
818,B92,64,0.352806,0.390625,0.0625,PA
819,B92,64,0.355089,0.34375,0.046875,PA
820,B92,4096,0.298004,0.498291,0.0458984,PA
821,B92,64,0.281408,0.578125,0.078125,PA
822,B92,4096,0.293486,0.483643,0.0380859,PA
823,B92,1024,0.260494,0.507812,0.015625,PA
824,B92,128,0.289677,0.554688,0.03125,PA
825,B92,1024,0.314266,0.494141,0.0634766,PA
826,B92,64,0.273442,0.515625,0.015625,PA
827,B92,256,0.302491,0.503906,0.0898438,PA
828,B92,4096,0.311957,0.503174,0.0605469,PA
829,B92,64,0.307454,0.453125,0.03125,PA
830,B92,64,0.295528,0.5625,0.125,PA
831,B92,128,0.227965,0.5625,0.0078125,PA
832,B92,1024,0.25736,0.527344,0.0214844,PA
833,B92,256,0.269235,0.539062,0.03125,PA
834,B92,256,0.282048,0.457031,0.0078125,PA
835,B92,2048,0.29697,0.495605,0.0473633,PA
836,B92,64,0.261473,0.578125,0,PA
837,B92,1024,0.254175,0.511719,0.0136719,PA
838,B92,1024,0.314694,0.488281,0.0595703,PA
839,B92,4096,0.259243,0.498047,0.00927734,PA
840,B92,1024,0.281103,0.500977,0.0361328,PA
841,B92,256,0.269868,0.5,0.03125,PA
842,B92,64,0.324087,0.421875,0.03125,PA
843,B92,1024,0.31838,0.512695,0.0722656,PA
844,B92,4096,0.301423,0.494873,0.0515137,PA
845,B92,1024,0.290665,0.49707,0.0390625,PA
846,B92,4096,0.306626,0.501221,0.057373,PA
847,B92,1024,0.273555,0.507812,0.0234375,PA
848,B92,4096,0.265954,0.490723,0.0117188,PA
849,B92,1024,0.254375,0.538086,0.0292969,PA
850,B92,128,0.319904,0.484375,0.046875,PA
851,B92,256,0.257805,0.511719,0.0117188,PA
852,B92,256,0.266132,0.519531,0.0429688,PA
853,B92,512,0.30806,0.505859,0.0585938,PA
854,B92,128,0.329782,0.445312,0.0625,PA
855,B92,1024,0.299529,0.489258,0.046875,PA
856,B92,2048,0.316388,0.485352,0.0581055,PA
857,B92,512,0.26104,0.509766,0.0136719,PA
858,B92,512,0.322204,0.498047,0.0800781,PA
859,B92,1024,0.267532,0.516602,0.0195312,PA
860,B92,4096,0.276379,0.497314,0.0288086,PA
861,B92,256,0.281004,0.453125,0.0078125,PA
862,B92,128,0.307341,0.484375,0.0234375,PA
863,B92,2048,0.302924,0.494629,0.0517578,PA
864,B92,1024,0.301733,0.474609,0.0371094,PA
865,B92,1024,0.336242,0.473633,0.0771484,PA
866,B92,64,0.269215,0.484375,0.015625,PA
867,B92,64,0.328013,0.46875,0,PA
868,B92,2048,0.276535,0.512207,0.0288086,PA
869,B92,1024,0.285283,0.527344,0.0498047,PA
870,B92,1024,0.287977,0.501953,0.0380859,PA
871,B92,4096,0.313819,0.495361,0.0598145,PA
872,B92,4096,0.288298,0.505127,0.0446777,PA
873,B92,4096,0.294731,0.494629,0.0432129,PA
874,B92,256,0.301444,0.476562,0.046875,PA
875,B92,2048,0.294744,0.509766,0.050293,PA
876,B92,256,0.286831,0.5,0.03125,PA
877,B92,256,0.243716,0.53125,0.0117188,PA
878,B92,512,0.274481,0.501953,0.03125,PA
879,B92,512,0.300634,0.511719,0.0703125,PA
880,B92,128,0.292764,0.515625,0.03125,PA
881,B92,128,0.26981,0.492188,0.0234375,PA
882,B92,128,0.324441,0.484375,0.078125,PA
883,B92,128,0.262158,0.539062,0.046875,PA
884,B92,4096,0.299679,0.496338,0.0473633,PA
885,B92,128,0.268806,0.523438,0,PA
886,B92,4096,0.27945,0.498291,0.0285645,PA
887,B92,256,0.272018,0.523438,0.0273438,PA
888,B92,512,0.280205,0.492188,0.0273438,PA
889,B92,2048,0.274454,0.511719,0.0322266,PA
890,B92,4096,0.304276,0.492676,0.050293,PA
891,B92,4096,0.298533,0.505859,0.0524902,PA
892,B92,2048,0.302498,0.503906,0.0571289,PA
893,B92,64,0.282733,0.46875,0.015625,PA
894,B92,2048,0.311393,0.492676,0.0639648,PA
895,B92,64,0.219767,0.578125,0,PA
896,B92,64,0.269199,0.5,0.015625,PA
897,B92,2048,0.302352,0.505371,0.0512695,PA
898,B92,128,0.295567,0.539062,0.0546875,PA
899,B92,1024,0.283911,0.514648,0.0400391,PA
900,B92,1024,0.306109,0.495117,0.0478516,PA
901,B92,256,0.301695,0.460938,0.0546875,PA
902,B92,1024,0.313572,0.492188,0.0537109,PA
903,B92,2048,0.31704,0.510742,0.0703125,PA
904,B92,4096,0.311599,0.506348,0.0703125,PA
905,B92,256,0.288542,0.472656,0.0351562,PA
906,B92,4096,0.281375,0.505127,0.0344238,PA
907,B92,256,0.279913,0.511719,0.0390625,PA
908,B92,64,0.32949,0.46875,0.03125,PA
909,B92,64,0.223434,0.578125,0.015625,PA
910,B92,1024,0.301626,0.506836,0.0537109,PA
911,B92,512,0.326669,0.460938,0.0683594,PA
912,B92,4096,0.277544,0.493652,0.0302734,PA
913,B92,128,0.31735,0.5,0.0546875,PA
914,B92,2048,0.316399,0.506836,0.0664062,PA
915,B92,4096,0.3041,0.498535,0.0524902,PA
916,B92,4096,0.297904,0.502686,0.0498047,PA
917,B92,2048,0.3256,0.493652,0.0654297,PA
918,B92,128,0.337744,0.390625,0.0078125,PA
919,B92,1024,0.260171,0.533203,0.0224609,PA
920,B92,64,0.256714,0.515625,0.03125,PA
921,B92,128,0.285025,0.554688,0.0625,PA
922,B92,64,0.270372,0.484375,0.03125,PA
923,B92,256,0.295059,0.503906,0.0625,PA
924,B92,4096,0.28894,0.48877,0.0302734,PA
925,B92,1024,0.303449,0.505859,0.0527344,PA
926,B92,1024,0.314726,0.517578,0.0751953,PA
927,B92,512,0.305621,0.472656,0.046875,PA
928,B92,64,0.238846,0.546875,0,PA
929,B92,4096,0.286208,0.495605,0.0319824,PA
930,B92,256,0.265449,0.511719,0.0078125,PA
931,B92,1024,0.281983,0.487305,0.0253906,PA
932,B92,1024,0.320363,0.499023,0.0556641,PA
933,B92,64,0.264369,0.5,0.015625,PA
934,B92,256,0.296849,0.472656,0.0429688,PA
935,B92,2048,0.277471,0.506836,0.0297852,PA
936,B92,128,0.230211,0.601562,0.03125,PA
937,B92,256,0.3045,0.46875,0.0703125,PA
938,B92,4096,0.258769,0.508545,0.0112305,PA
939,B92,256,0.289867,0.523438,0.0507812,PA
940,B92,2048,0.275763,0.503906,0.0307617,PA
941,B92,4096,0.305792,0.494141,0.0539551,PA
942,B92,2048,0.259703,0.499023,0.0078125,PA
943,B92,256,0.31859,0.492188,0.0820312,PA
944,B92,1024,0.305624,0.514648,0.0712891,PA
945,B92,1024,0.322515,0.495117,0.0820312,PA
946,B92,4096,0.251842,0.512939,0.00585938,PA
947,B92,2048,0.293006,0.513672,0.0463867,PA
948,B92,128,0.301323,0.539062,0.078125,PA
949,B92,4096,0.297451,0.492188,0.0473633,PA
950,B92,512,0.283498,0.525391,0.0507812,PA
951,B92,128,0.283672,0.453125,0.0078125,PA
952,B92,4096,0.274268,0.502686,0.0251465,PA
953,B92,4096,0.321143,0.49585,0.0737305,PA
954,B92,4096,0.322494,0.505371,0.0690918,PA
955,B92,512,0.325128,0.490234,0.0722656,PA
956,B92,256,0.241999,0.539062,0.0117188,PA
957,B92,64,0.288218,0.484375,0.015625,PA
958,B92,128,0.280489,0.546875,0.0625,PA
959,B92,2048,0.261248,0.524414,0.0214844,PA
960,B92,64,0.255928,0.515625,0.015625,PA
961,B92,128,0.229704,0.578125,0.0234375,PA
962,B92,64,0.256163,0.5625,0.078125,PA
963,B92,512,0.299903,0.519531,0.0722656,PA
964,B92,512,0.312455,0.488281,0.0527344,PA
965,B92,2048,0.26775,0.507324,0.0185547,PA
966,B92,4096,0.264846,0.511475,0.0224609,PA
967,B92,256,0.319889,0.492188,0.0585938,PA
968,B92,64,0.240242,0.5625,0,PA
969,B92,128,0.246895,0.554688,0.03125,PA
970,B92,64,0.300779,0.4375,0,PA
971,B92,64,0.226504,0.578125,0,PA
972,B92,64,0.335613,0.390625,0.03125,PA
973,B92,128,0.23164,0.5625,0,PA
974,B92,128,0.306523,0.53125,0.0546875,PA
975,B92,256,0.310049,0.46875,0.0351562,PA
976,B92,4096,0.32075,0.502197,0.0688477,PA
977,B92,512,0.254269,0.519531,0.00976562,PA
978,B92,2048,0.32331,0.489746,0.0561523,PA
979,B92,128,0.276675,0.484375,0.03125,PA
980,B92,64,0.193472,0.65625,0.03125,PA
981,B92,1024,0.307976,0.476562,0.0458984,PA
982,B92,64,0.300674,0.53125,0.0625,PA
983,B92,1024,0.29799,0.517578,0.0458984,PA
984,B92,1024,0.279647,0.495117,0.0390625,PA
985,B92,128,0.304497,0.492188,0.0546875,PA
986,B92,4096,0.297598,0.491455,0.0437012,PA
987,B92,256,0.317705,0.441406,0.046875,PA
988,B92,1024,0.273818,0.485352,0.0195312,PA
989,B92,4096,0.302531,0.491699,0.0458984,PA
990,B92,64,0.27817,0.515625,0.03125,PA
991,B92,64,0.256552,0.5625,0,PA
992,B92,64,0.291921,0.5,0.015625,PA
993,B92,256,0.282625,0.492188,0.0195312,PA
994,B92,128,0.31808,0.484375,0.0234375,PA
995,B92,2048,0.313115,0.508789,0.0751953,PA
996,B92,512,0.262504,0.507812,0.0175781,PA
997,B92,4096,0.266296,0.500244,0.0168457,PA
998,B92,256,0.306148,0.496094,0.0820312,PA
999,B92,128,0.289394,0.523438,0.046875,PA
1000,B92,512,0.247499,0.523438,0.0117188,PA
